{"cameraMode":{"drawMode":0,"name":"Shaded","section":"Shading Mode"},"sceneLighting":true,"audioPlay":false,"sceneViewState":{"showFog":true,"showMaterialUpdate":false,"showSkybox":true,"showFlares":true,"showImageEffects":true,"showParticleSystems":true},"in2DMode":false,"pivot":{"x":22.32784080505371,"y":28.680339813232423,"z":-24.512937545776368},"rotation":{"x":-0.32410794496536257,"y":0.3603881001472473,"z":-0.13516229391098023,"w":-0.864185631275177},"size":13.993160247802735,"orthographic":true}